model,auroc,auroc_ci,sensitivity,specificity,precision,f1,calibration_slope,calibration_intercept
Logistic Regression,0.8794089214038612,"[0.856, 0.901]",0.8011811023622047,0.7926829268292683,0.8272357723577236,0.814,1.125961543546814,0.21196734055245628
XGBoost,0.8829126624388127,"[0.860, 0.904]",0.84251968503937,0.7585365853658537,0.8121442125237192,0.8270531400966183,1.0653485291312317,-0.01732907672732377
