imputer,auroc_mean,auroc_std
IterativeImputer,0.8893264864506536,0.01821470716198091
MedianMode,0.881459673944439,0.018121363151055832
