feature,mean_abs_shap
Age,0.7089952
GenHlth,0.46149135
HighBP,0.3746576
Sex,0.35784855
HighChol,0.3237508
Smoker,0.17005795
Stroke,0.13067628
DiffWalk,0.12350293
Diabetes,0.10945797
Income,0.10312557
PhysHlth,0.06715969
Education,0.036092002
NoDocbcCost,0.034703948
CholCheck,0.028703002
HvyAlcoholConsump,0.019866582
BMI,0.019761676
MentHlth,0.019307677
PhysActivity,0.0061037657
Veggies,0.0060346844
Fruits,0.003682552
AnyHealthcare,0.0008545915
