model,auroc_mean,auroc_ci_lo,auroc_ci_hi,calibration_slope,calibration_intercept,sensitivity_0.5,specificity_0.5
logreg,0.8473709207630541,0.8449938655827343,0.8497558799283135,0.9279907775227956,-2.249769701710618,0.7950864269869836,0.7479448358697403
xgboost,0.8482907268210663,0.84603070177099,0.8505152188463676,0.9589395971484401,-2.229621070359042,0.8110325199849329,0.7325784313298838
