model,auroc_mean,auroc_ci_lo,auroc_ci_hi,calibration_slope,calibration_intercept,sensitivity_0.5,specificity_0.5
xgboost,0.8006052454008636,0.7972583862583295,0.8037763307106481,1.0042974217048546,0.0005600276960726,0.7005318540546723,0.7673408753285339
logreg,0.79068848189024,0.7873523365767897,0.7939745023297499,0.9993677805500041,-0.0002792950593501706,0.6721091158641199,0.7812250028568164
